City_ID,City,Lat,Lng,Max Temp,Humidity,Cloudiness,Wind Speed,Country,Date
0,olonkinbyen,70.9221,-8.7187,2.9,87,100,5.08,SJ,2023-10-22 21:31:32
1,yulinshi,38.2906,109.7494,11.32,45,95,2.29,CN,2023-10-22 21:31:09
2,rio verde,21.9333,-99.9833,29.83,42,85,6.21,MX,2023-10-22 21:31:33
3,grootfontein,-19.5667,18.1167,24.76,11,0,2.06,NA,2023-10-22 21:31:33
4,visakhapatnam,17.69,83.2093,25.94,53,40,3.6,IN,2023-10-22 21:31:33
5,rio grande,-32.035,-52.0986,20.06,98,100,7.87,BR,2023-10-22 21:30:31
6,grytviken,-54.2811,-36.5092,0.52,76,18,5.74,GS,2023-10-22 21:31:33
7,pevely,38.2834,-90.3951,21.5,47,14,2.12,US,2023-10-22 21:31:33
8,lazaro cardenas,17.9583,-102.2,28.27,76,78,1.82,MX,2023-10-22 21:31:33
9,ploneour-lanvern,47.9,-4.2833,12.16,93,40,2.57,FR,2023-10-22 21:31:34
10,polyarnyy,69.1989,33.4478,0.56,76,98,8.17,RU,2023-10-22 21:31:34
11,khandyga,62.6667,135.6,-15.65,100,98,1.13,RU,2023-10-22 21:31:34
12,port mathurin,-19.6833,63.4167,24.32,81,11,5.03,MU,2023-10-22 21:31:34
13,albany,42.6001,-73.9662,8.43,73,100,0.45,US,2023-10-22 21:27:07
14,tadine,-21.55,167.8833,23.41,67,95,7.02,NC,2023-10-22 21:31:35
15,ust-nera,64.5667,143.2,-11.72,98,100,0.66,RU,2023-10-22 21:31:35
16,thompson,55.7435,-97.8558,0.09,74,75,4.63,CA,2023-10-22 21:31:35
17,likiep,9.8251,169.3107,28.29,78,100,6.4,MH,2023-10-22 21:31:35
18,port-aux-francais,-49.35,70.2167,2.46,66,51,14.56,TF,2023-10-22 21:31:35
19,carnarvon,-24.8667,113.6333,18.57,77,0,8.51,AU,2023-10-22 21:31:36
20,new norfolk,-42.7826,147.0587,14.95,92,87,1.48,AU,2023-10-22 21:31:36
21,peto,20.1333,-88.9167,33.08,32,79,1.3,MX,2023-10-22 21:31:36
22,adamstown,-25.066,-130.1015,23.22,75,16,4.98,PN,2023-10-22 21:31:36
23,bredasdorp,-34.5322,20.0403,13.33,83,73,1.79,ZA,2023-10-22 21:31:36
24,asubulaq,49.5583,83.0558,9.62,76,100,4.75,KZ,2023-10-22 21:31:36
25,puerto ayora,-0.7393,-90.3518,27.98,82,81,4.52,EC,2023-10-22 21:31:37
26,motueka,-41.1333,173.0167,13.2,72,89,2.17,NZ,2023-10-22 21:31:37
27,waitangi,-43.9535,-176.5597,10.46,63,84,2.24,NZ,2023-10-22 21:31:37
28,bethel,41.3712,-73.414,11.49,62,100,5.66,US,2023-10-22 21:31:37
29,dauphin,51.1494,-100.0502,13.08,54,40,3.6,CA,2023-10-22 21:31:37
30,kingston,17.997,-76.7936,30.53,79,20,3.09,JM,2023-10-22 21:31:37
31,egilsstadir,65.2653,-14.3948,2.95,93,100,3.09,IS,2023-10-22 21:31:38
32,lerwick,60.1545,-1.1494,10.0,78,99,5.54,GB,2023-10-22 21:31:38
33,east london,-33.0153,27.9116,15.54,69,50,3.92,ZA,2023-10-22 21:30:39
34,ta'if,21.2703,40.4158,20.56,26,0,6.64,SA,2023-10-22 21:28:39
35,trairi,-3.2778,-39.2689,25.8,81,40,5.05,BR,2023-10-22 21:31:38
36,ruteng,-8.6136,120.4721,16.34,84,7,0.76,ID,2023-10-22 21:31:38
37,mahdia,35.5047,11.0622,23.97,78,6,5.54,TN,2023-10-22 21:31:39
38,sirjan,29.452,55.6814,16.05,22,72,1.12,IR,2023-10-22 21:31:39
39,mtwara,-10.2667,40.1833,24.87,79,6,3.37,TZ,2023-10-22 21:31:39
40,remire-montjoly,4.9167,-52.2667,30.02,74,0,4.12,GF,2023-10-22 21:31:39
41,sfax,34.7406,10.7603,25.08,78,0,4.12,TN,2023-10-22 21:31:39
42,blackmans bay,-43.0167,147.3167,14.29,82,81,0.89,AU,2023-10-22 21:31:39
43,margaret river,-33.95,115.0667,12.86,58,98,5.64,AU,2023-10-22 21:31:40
44,arteche,12.2645,125.4048,26.39,85,100,1.59,PH,2023-10-22 21:31:40
45,hermanus,-34.4187,19.2345,14.96,81,79,4.65,ZA,2023-10-22 21:31:40
46,san mariano,7.5,126.0,22.92,93,15,1.03,PH,2023-10-22 21:31:40
47,paita,-5.0892,-81.1144,23.23,75,21,7.04,PE,2023-10-22 21:27:28
48,lospalos,-8.5186,127.0025,22.22,87,25,0.96,TL,2023-10-22 21:31:41
49,vilyuchinsk,52.9306,158.4028,1.15,75,99,1.47,RU,2023-10-22 21:31:41
50,ebon,4.582,168.6964,28.4,73,89,0.67,MH,2023-10-22 21:31:41
51,avanigadda,16.0215,80.9181,22.75,73,100,2.06,IN,2023-10-22 21:31:41
52,port blair,11.6667,92.75,24.02,100,40,0.0,IN,2023-10-22 21:31:41
53,edinburgh of the seven seas,-37.0676,-12.3116,12.62,81,46,5.44,SH,2023-10-22 21:31:42
54,colonia,50.9333,6.95,13.25,90,75,2.57,DE,2023-10-22 21:31:42
55,novhorodka,48.3651,32.6578,17.5,74,95,4.21,UA,2023-10-22 21:31:42
56,ribeira grande,38.5167,-28.7,17.22,77,20,3.09,PT,2023-10-22 21:31:42
57,katabu,-4.9333,122.5167,23.94,92,12,1.44,ID,2023-10-22 21:31:42
58,toliara,-23.35,43.6667,22.67,73,57,1.85,MG,2023-10-22 21:31:43
59,puerto natales,-51.7236,-72.4875,8.98,75,15,2.6,CL,2023-10-22 21:31:43
60,ouadda,8.0777,22.4007,22.2,67,1,1.31,CF,2023-10-22 21:31:43
61,moose jaw,50.4001,-105.5344,12.15,43,75,2.57,CA,2023-10-22 21:31:43
62,adamovka,51.5223,59.9396,-0.75,76,7,4.95,RU,2023-10-22 21:31:43
63,al mishkhab,31.8042,44.4911,25.06,29,66,2.08,IQ,2023-10-22 21:28:52
64,papatowai,-46.5619,169.4708,11.37,59,27,2.4,NZ,2023-10-22 21:31:44
65,vieux fort,13.7167,-60.95,29.64,86,40,4.12,LC,2023-10-22 21:31:44
66,al hasakah,36.5024,40.7477,22.45,34,55,2.17,SY,2023-10-22 21:31:45
67,as sulayyil,20.4607,45.5779,26.14,26,1,3.2,SA,2023-10-22 21:31:45
68,cadale,2.7603,46.3222,26.89,81,22,5.45,SO,2023-10-22 21:31:45
69,nuuk,64.1835,-51.7216,-1.66,59,12,4.63,GL,2023-10-22 21:31:45
70,kayangel,8.0823,134.7173,28.61,75,36,2.48,PW,2023-10-22 21:31:45
71,stanley,54.868,-1.6985,3.77,96,0,1.03,GB,2023-10-22 21:31:45
72,poronaysk,49.2167,143.1167,0.57,65,2,3.81,RU,2023-10-22 21:29:48
73,tazovsky,67.4667,78.7,-3.94,84,56,6.09,RU,2023-10-22 21:26:28
74,saint-pierre,-21.3393,55.4781,21.98,68,0,2.06,RE,2023-10-22 21:30:09
75,vila franca do campo,37.7167,-25.4333,18.23,99,71,2.98,PT,2023-10-22 21:31:46
76,lae,-6.7221,146.9847,24.37,69,100,1.55,PG,2023-10-22 21:31:46
77,iqaluit,63.7506,-68.5145,-6.15,79,75,3.09,CA,2023-10-22 21:31:46
78,guerrero negro,27.9769,-114.0611,22.87,65,0,9.77,MX,2023-10-22 21:31:46
79,ciudad bolivar,8.1222,-63.5497,30.36,64,99,0.85,VE,2023-10-22 21:31:47
80,anadyr,64.75,177.4833,3.28,100,100,14.0,RU,2023-10-22 21:31:47
81,badger,64.8,-147.5333,-4.45,88,100,0.0,US,2023-10-22 21:31:47
82,afaahiti,-17.75,-149.2833,28.93,85,74,7.16,PF,2023-10-22 21:31:47
83,udachny,66.4167,112.4,-3.64,92,100,4.91,RU,2023-10-22 21:31:47
84,santa marta de ortigueira,43.6833,-7.85,13.47,59,100,3.06,ES,2023-10-22 21:31:48
85,taco pozo,-25.6167,-63.2833,40.08,17,49,2.21,AR,2023-10-22 21:31:48
86,galle,6.0367,80.217,24.69,89,100,2.68,LK,2023-10-22 21:30:14
87,ulaangom,49.9811,92.0667,3.39,77,74,1.12,MN,2023-10-22 21:31:48
88,qui nhon,13.7667,109.2333,24.35,92,92,3.07,VN,2023-10-22 21:31:48
89,bilibino,68.0546,166.4372,-7.51,99,88,1.33,RU,2023-10-22 21:31:48
90,hawaiian paradise park,19.5933,-154.9731,28.91,68,0,3.6,US,2023-10-22 21:31:49
91,diofior,14.1833,-16.6667,27.72,69,92,5.11,SN,2023-10-22 21:31:49
92,hobyo,5.3505,48.5268,27.85,76,66,7.18,SO,2023-10-22 21:31:49
93,laguna,38.421,-121.4238,21.76,83,100,4.63,US,2023-10-22 21:31:49
94,rakops,-21.0167,24.3333,25.36,10,0,1.83,BW,2023-10-22 21:31:49
95,hovd,48.0056,91.6419,5.52,57,32,3.65,MN,2023-10-22 21:31:49
96,hafar al-batin,28.4328,45.9708,26.32,25,0,5.14,SA,2023-10-22 21:31:50
97,yellowknife,62.456,-114.3525,-3.1,76,75,9.26,CA,2023-10-22 21:31:50
98,chonchi,-42.6128,-73.8092,15.56,53,1,1.92,CL,2023-10-22 21:31:51
99,qaqortoq,60.7167,-46.0333,0.42,90,100,1.63,GL,2023-10-22 21:31:51
100,tiksi,71.6872,128.8694,-16.74,100,99,1.7,RU,2023-10-22 21:29:37
101,karamsad,22.55,72.9,25.21,43,35,2.29,IN,2023-10-22 21:31:51
102,avarua,-21.2078,-159.775,26.03,83,18,3.09,CK,2023-10-22 21:31:51
103,ilulissat,69.2167,-51.1,-3.99,54,75,5.66,GL,2023-10-22 21:30:32
104,tura,25.5198,90.2201,20.64,82,83,1.57,IN,2023-10-22 21:31:52
105,saint-philippe,-21.3585,55.7679,21.77,80,19,3.28,RE,2023-10-22 21:31:52
106,xiazhuang,34.9161,118.6389,10.75,46,0,1.23,CN,2023-10-22 21:31:52
107,west island,-12.1568,96.8225,24.99,78,83,4.63,CC,2023-10-22 21:31:52
108,ushuaia,-54.8,-68.3,9.79,57,0,8.75,AR,2023-10-22 21:31:53
109,argo,37.6333,22.7333,21.96,47,30,1.72,GR,2023-10-22 21:31:53
110,dunedin,-45.8742,170.5036,12.67,63,7,2.24,NZ,2023-10-22 21:31:53
111,el granada,37.5027,-122.4694,21.79,89,75,5.66,US,2023-10-22 21:31:53
112,dobrna,46.3375,15.2264,11.96,84,86,0.97,SI,2023-10-22 21:31:53
113,corinto,37.9407,22.9573,21.81,62,25,1.06,GR,2023-10-22 21:31:54
114,motygino,58.1831,94.7592,1.32,75,100,2.64,RU,2023-10-22 21:31:54
115,alvaraes,-3.2208,-64.8042,30.93,61,85,0.63,BR,2023-10-22 21:31:54
116,praia da vitoria,38.7333,-27.0667,18.14,77,20,4.86,PT,2023-10-22 21:31:54
117,aykhal,66.0,111.5,-7.26,97,100,2.1,RU,2023-10-22 21:31:54
118,bairnsdale,-37.8333,147.6167,16.14,59,99,1.34,AU,2023-10-22 21:31:54
119,tindouf,27.6711,-8.1474,24.25,46,0,3.09,DZ,2023-10-22 21:31:55
120,punta arenas,-53.15,-70.9167,11.06,58,20,3.09,CL,2023-10-22 21:31:55
121,whitehorse,60.7161,-135.0538,-7.21,53,100,4.63,CA,2023-10-22 21:31:55
122,santiago de cao,-7.9589,-79.2392,23.07,73,49,5.66,PE,2023-10-22 21:31:55
123,jamestown,42.097,-79.2353,8.9,65,75,7.2,US,2023-10-22 21:31:55
124,mogocha,53.7333,119.7667,-1.93,73,100,0.69,RU,2023-10-22 21:31:56
125,constantia,44.1833,28.65,18.38,51,3,2.43,RO,2023-10-22 21:29:46
126,comodoro rivadavia,-45.8667,-67.5,13.92,58,0,4.63,AR,2023-10-22 21:31:56
127,shalya,57.2471,58.7298,-2.7,88,100,4.82,RU,2023-10-22 21:31:56
128,isafjordur,66.0755,-23.124,3.49,81,78,1.94,IS,2023-10-22 21:31:56
129,la passe,45.5549,-0.8967,12.21,74,100,5.94,FR,2023-10-22 21:31:56
130,acarau,-2.8856,-40.12,25.82,82,47,7.66,BR,2023-10-22 21:31:56
131,hornell,42.3279,-77.6611,10.21,64,100,4.92,US,2023-10-22 21:31:57
132,matoury,4.8483,-52.3317,29.98,74,0,4.12,GF,2023-10-22 21:31:57
133,balfour,-26.6633,28.5902,11.86,80,1,4.26,ZA,2023-10-22 21:31:57
134,kili,5.6439,169.1211,28.66,73,83,2.77,MH,2023-10-22 21:31:57
135,porto novo,6.4965,2.6036,25.9,89,98,2.51,BJ,2023-10-22 21:31:57
136,mednogorsk,51.4128,57.595,-0.88,84,93,3.8,RU,2023-10-22 21:27:40
137,kerikeri,-35.2268,173.9474,18.28,86,39,0.45,NZ,2023-10-22 21:31:58
138,alesund,62.4723,6.1549,8.52,71,0,3.09,NO,2023-10-22 21:31:32
139,lebu,-37.6167,-73.65,11.36,80,0,7.09,CL,2023-10-22 21:31:58
140,talnakh,69.4865,88.3972,-2.66,94,100,6.73,RU,2023-10-22 21:31:58
141,st. john's,47.5649,-52.7093,14.43,91,100,12.35,CA,2023-10-22 21:31:58
142,petropavlovsk-kamchatsky,53.0452,158.6483,0.33,86,40,3.0,RU,2023-10-22 21:31:59
143,rio de janeiro,-22.9028,-43.2075,23.98,71,75,5.66,BR,2023-10-22 21:27:37
144,uturoa,-16.7333,-151.4333,26.85,80,14,7.42,PF,2023-10-22 21:31:59
145,port augusta,-32.5,137.7667,15.76,42,0,1.37,AU,2023-10-22 21:31:59
146,fortuna,40.5982,-124.1573,19.96,90,75,5.66,US,2023-10-22 21:31:59
147,kanzakimachi-kanzaki,33.3,130.3667,11.98,100,20,2.57,JP,2023-10-22 21:31:59
148,acapulco de juarez,16.8634,-99.8901,30.9,66,40,3.6,MX,2023-10-22 21:31:59
149,enewetak,11.3474,162.3373,28.5,70,100,4.24,MH,2023-10-22 21:32:00
150,bandarban,22.1965,92.2262,22.4,99,100,1.35,BD,2023-10-22 21:32:00
151,christchurch,-43.5333,172.6333,14.12,66,20,7.72,NZ,2023-10-22 21:32:00
152,hammerfest,70.6634,23.6821,-1.75,74,20,1.03,NO,2023-10-22 21:32:00
153,kodinsk,58.6881,99.1844,-1.07,88,100,1.91,RU,2023-10-22 21:32:00
154,portland,45.5234,-122.6762,18.03,86,100,3.09,US,2023-10-22 21:32:00
155,gebeit,21.0667,36.3167,24.43,65,2,2.08,SD,2023-10-22 21:32:00
156,black river,18.0264,-77.8487,29.69,73,99,1.06,JM,2023-10-22 21:32:01
157,huichapan,20.3833,-99.65,26.68,25,54,3.49,MX,2023-10-22 21:32:01
158,kangding,30.0513,101.9603,6.94,74,10,1.71,CN,2023-10-22 21:32:01
159,jutai,-5.1833,-68.9,27.73,70,100,1.26,BR,2023-10-22 21:32:01
160,glace bay,46.1969,-59.957,13.87,90,75,5.14,CA,2023-10-22 21:32:01
161,arraial do cabo,-22.9661,-42.0278,22.92,68,75,6.17,BR,2023-10-22 21:32:01
162,eydhafushi,5.1033,73.0708,27.12,76,66,3.87,MV,2023-10-22 21:32:02
163,dudinka,69.4058,86.1778,-2.43,94,100,7.33,RU,2023-10-22 21:32:02
164,bahraigh,27.5833,81.6,19.53,67,0,1.87,IN,2023-10-22 21:32:02
165,nsanje,-16.92,35.262,28.29,61,95,1.86,MW,2023-10-22 21:32:02
166,verkhotur'ye,58.8627,60.8054,-1.82,70,94,4.99,RU,2023-10-22 21:32:02
167,santana,-0.0583,-51.1817,32.1,62,20,5.66,BR,2023-10-22 21:32:02
168,ar ruways,24.1103,52.7306,29.35,69,0,4.07,AE,2023-10-22 21:32:03
169,lata,40.1629,-8.3327,14.4,77,86,1.46,PT,2023-10-22 21:32:03
170,taltal,-25.4,-70.4833,18.13,71,29,3.12,CL,2023-10-22 21:32:03
171,nova sintra,14.8667,-24.7167,23.67,77,45,5.83,CV,2023-10-22 21:32:03
172,ancud,-41.8697,-73.8203,12.35,67,0,1.25,CL,2023-10-22 21:32:03
173,hami,42.8,93.45,11.68,28,0,1.52,CN,2023-10-22 21:32:04
174,wailua homesteads,22.0669,-159.378,29.3,67,75,5.66,US,2023-10-22 21:32:04
175,vorgashor,67.5833,63.95,-6.11,96,100,2.14,RU,2023-10-22 21:32:04
176,port-vila,-17.7338,168.3219,23.78,83,75,7.72,VU,2023-10-22 21:32:04
177,arkhangel'sk,64.5401,40.5433,-0.22,93,62,2.22,RU,2023-10-22 21:32:05
178,zouerate,22.7187,-12.4521,26.87,35,60,3.18,MR,2023-10-22 21:32:05
179,rongelap,11.1635,166.8941,27.59,79,100,7.49,MH,2023-10-22 21:32:05
180,revda,56.801,59.9303,-2.28,79,100,5.65,RU,2023-10-22 21:32:05
181,quellon,-43.1167,-73.6167,11.95,61,0,4.75,CL,2023-10-22 21:32:05
182,rabo de peixe,37.8,-25.5833,17.73,99,40,3.09,PT,2023-10-22 21:32:05
183,gazojak,41.1875,61.4036,12.03,57,100,5.64,TM,2023-10-22 21:32:05
184,bodo,67.28,14.405,2.19,44,0,6.69,NO,2023-10-22 21:32:06
185,minas de marcona,-15.2119,-75.1103,17.21,80,52,6.12,PE,2023-10-22 21:32:06
186,ascension,30.2169,-90.9001,31.12,46,75,0.0,US,2023-10-22 21:32:06
187,mukdahan,16.5833,104.5,20.47,86,90,2.31,TH,2023-10-22 21:32:06
188,piton saint-leu,-21.2196,55.3151,20.78,68,0,2.06,RE,2023-10-22 21:32:06
189,salur,18.5333,83.2167,22.35,60,100,1.87,IN,2023-10-22 21:32:07
190,geraldton,-28.7667,114.6,11.23,82,42,2.57,AU,2023-10-22 21:32:07
191,porto-vecchio,41.591,9.2795,17.81,63,0,4.63,FR,2023-10-22 21:30:04
192,kirakira,-10.4544,161.9205,28.12,69,91,1.7,SB,2023-10-22 21:32:07
193,saipan,15.1355,145.701,28.39,78,20,7.2,MP,2023-10-22 21:32:08
194,nemuro,43.3236,145.575,9.1,79,34,8.42,JP,2023-10-22 21:32:08
195,newman,37.3138,-121.0208,26.12,10,15,6.23,US,2023-10-22 21:32:08
196,tsiombe,-25.3,45.4833,21.68,73,2,2.41,MG,2023-10-22 21:32:08
197,beloyarskiy,63.7119,66.6722,-1.21,70,63,4.81,RU,2023-10-22 21:32:09
198,atafu village,-8.5421,-172.5159,28.5,72,100,2.99,TK,2023-10-22 21:32:09
199,qamdo,31.1667,97.2333,-4.0,63,6,0.96,CN,2023-10-22 21:32:09
200,utrik,11.2278,169.8474,26.38,86,100,8.07,MH,2023-10-22 21:32:09
201,mar del plata,-38.0023,-57.5575,14.41,97,100,4.12,AR,2023-10-22 21:28:07
202,hualien city,23.9769,121.6044,23.68,85,41,1.28,TW,2023-10-22 21:32:10
203,coquimbo,-29.9533,-71.3436,16.85,72,40,5.66,CL,2023-10-22 21:29:06
204,kropachevo,55.0112,57.9896,-2.72,86,93,5.13,RU,2023-10-22 21:32:10
205,fernie,49.5,-115.0687,6.38,97,100,1.22,CA,2023-10-22 21:32:10
206,boulder city,35.9786,-114.8325,31.36,13,0,8.75,US,2023-10-22 21:32:11
207,finspang,58.7058,15.7674,7.06,95,97,1.89,SE,2023-10-22 21:32:11
208,pointe aux piments,-20.0628,57.5131,24.18,76,13,3.17,MU,2023-10-22 21:32:11
209,karyes,37.3,22.5,15.11,70,31,1.02,GR,2023-10-22 21:32:11
210,cariati,39.4922,16.9594,19.73,55,63,2.25,IT,2023-10-22 21:32:12
211,iskateley,67.6803,53.1512,-0.47,80,100,7.43,RU,2023-10-22 21:32:12
212,novo aripuana,-5.1206,-60.3797,31.53,49,96,0.77,BR,2023-10-22 21:32:12
213,shakawe,-18.3667,21.85,25.68,37,23,1.49,BW,2023-10-22 21:32:12
214,burutu,5.3509,5.5076,26.07,88,78,1.8,NG,2023-10-22 21:32:12
215,weno,7.4515,151.8468,26.97,89,40,0.0,FM,2023-10-22 21:32:13
216,mambajao,9.2504,124.7156,27.32,81,100,1.67,PH,2023-10-22 21:32:13
217,codrington,-38.2667,141.9667,12.73,65,47,3.84,AU,2023-10-22 21:32:13
218,wiwili,13.6268,-85.8254,27.89,84,31,0.97,NI,2023-10-22 21:32:13
219,ambodifotatra,-16.9833,49.85,24.95,77,16,4.96,MG,2023-10-22 21:32:13
220,kenai,60.5544,-151.2583,0.61,61,0,3.09,US,2023-10-22 21:32:13
221,las heras,-46.5419,-68.9359,17.92,22,21,5.92,AR,2023-10-22 21:32:13
222,hamilton,39.1834,-84.5333,15.8,53,0,3.6,US,2023-10-22 21:32:14
223,colombo,6.9319,79.8478,23.97,95,100,3.21,LK,2023-10-22 21:26:19
224,mount gambier,-37.8333,140.7667,12.1,66,0,1.86,AU,2023-10-22 21:32:14
225,danane,7.2596,-8.155,21.95,96,78,0.45,CI,2023-10-22 21:32:14
226,suva,-18.1416,178.4415,25.71,78,75,3.09,FJ,2023-10-22 21:32:14
227,guatire,10.4762,-66.5427,27.89,96,100,0.69,VE,2023-10-22 21:32:14
228,hadibu,12.65,54.0333,26.82,85,100,5.7,YE,2023-10-22 21:32:15
229,balqash,46.8481,74.995,10.03,58,92,13.02,KZ,2023-10-22 21:32:15
230,kiunga,-6.1219,141.2906,24.72,84,75,0.87,PG,2023-10-22 21:32:15
231,alpnach,46.9402,8.2743,12.61,90,100,2.06,CH,2023-10-22 21:32:15
232,saint-joseph,-21.3667,55.6167,21.93,80,9,2.94,RE,2023-10-22 21:32:15
233,bethanie,-26.4833,17.15,20.73,33,15,2.57,NA,2023-10-22 21:32:15
234,sitka,57.0531,-135.33,5.94,42,75,0.0,US,2023-10-22 21:32:16
235,san patricio,28.017,-97.5169,31.77,55,96,6.19,US,2023-10-22 21:32:16
236,kyren,51.6828,102.1408,2.22,91,76,0.55,RU,2023-10-22 21:32:16
237,vershino-darasunskiy,52.35,115.5167,-1.14,83,36,2.32,RU,2023-10-22 21:32:16
238,college,64.8569,-147.8028,-4.4,86,100,0.45,US,2023-10-22 21:32:16
239,aizpute,56.7167,21.6,8.57,97,100,1.13,LV,2023-10-22 21:32:16
240,thames,-37.1333,175.5333,17.3,61,38,1.08,NZ,2023-10-22 21:32:17
241,port lincoln,-34.7333,135.8667,14.63,69,31,7.26,AU,2023-10-22 21:32:17
242,invercargill,-46.4,168.35,10.57,76,41,2.24,NZ,2023-10-22 21:32:17
243,beloomut,54.9448,39.3394,3.24,87,99,3.42,RU,2023-10-22 21:32:17
244,safotu,-13.4513,-172.4018,27.63,83,95,4.35,WS,2023-10-22 21:32:17
245,tarauaca,-8.1614,-70.7656,31.19,53,48,2.09,BR,2023-10-22 21:32:18
246,rizhao,35.4275,119.4553,12.42,48,0,2.09,CN,2023-10-22 21:32:18
247,bu'aale,1.0833,42.5833,24.35,83,37,1.85,SO,2023-10-22 21:32:18
248,bodaybo,57.8506,114.1933,0.98,82,91,3.86,RU,2023-10-22 21:29:25
249,santa ana pacueco,20.3667,-102.0,24.85,48,90,4.89,MX,2023-10-22 21:32:18
250,tokar,18.4254,37.729,29.82,73,0,6.67,SD,2023-10-22 21:32:18
251,saratov,51.5667,46.0333,5.53,45,100,1.79,RU,2023-10-22 21:31:20
252,kourou,5.1552,-52.6478,30.03,82,93,6.28,GF,2023-10-22 21:32:19
253,zeya,53.75,127.2667,-2.2,73,13,0.87,RU,2023-10-22 21:29:14
254,bandon,51.7469,-8.7425,11.77,94,100,5.47,IE,2023-10-22 21:32:19
255,longyearbyen,78.2186,15.6401,-10.09,79,0,5.14,SJ,2023-10-22 21:32:19
256,pacific grove,36.6177,-121.9166,19.01,89,100,5.14,US,2023-10-22 21:32:19
257,mersing,2.4312,103.8405,22.95,100,20,2.06,MY,2023-10-22 21:32:19
258,muynoq,43.7683,59.0214,8.81,64,9,4.15,UZ,2023-10-22 21:32:20
259,georgetown,5.4112,100.3354,27.19,92,20,2.68,MY,2023-10-22 21:32:20
260,aasiaat,68.7098,-52.8699,-12.65,89,59,3.5,GL,2023-10-22 21:32:20
261,queenstown,-31.8976,26.8753,8.86,89,100,1.88,ZA,2023-10-22 21:32:20
262,apatity,67.5641,33.4031,-4.51,82,21,2.68,RU,2023-10-22 21:31:27
263,howrah,22.5892,88.3103,26.0,83,40,1.54,IN,2023-10-22 21:32:20
264,langepas,61.2544,75.2124,-2.73,82,12,2.72,RU,2023-10-22 21:32:21
265,hinton,53.4001,-117.5857,4.47,83,80,3.75,CA,2023-10-22 21:32:21
266,hithadhoo,-0.6,73.0833,26.87,75,45,5.14,MV,2023-10-22 21:32:21
267,manokwari,-0.8667,134.0833,26.1,79,91,1.88,ID,2023-10-22 21:32:21
268,hasaki,35.7333,140.8333,8.22,59,96,2.92,JP,2023-10-22 21:32:21
269,ta`u,-14.2336,-169.5144,26.84,82,61,4.35,AS,2023-10-22 21:32:21
270,castillos,-34.1667,-53.8333,17.7,97,100,3.45,UY,2023-10-22 21:32:21
271,panama city beach,30.1766,-85.8055,26.14,74,100,0.89,US,2023-10-22 21:32:22
272,erenhot,43.6475,111.9767,8.59,33,65,5.65,CN,2023-10-22 21:32:22
273,fale old settlement,-9.3852,-171.2468,28.34,70,43,1.66,TK,2023-10-22 21:32:22
274,surahammar,59.7072,16.2219,4.59,95,100,1.54,SE,2023-10-22 21:32:22
275,yekaterinoslavka,50.3734,129.1139,-1.56,59,0,3.42,RU,2023-10-22 21:32:22
276,buarcos,40.166,-8.8768,16.19,72,98,3.45,PT,2023-10-22 21:32:23
277,inirida,3.8653,-67.9239,24.01,96,100,1.36,CO,2023-10-22 21:32:23
278,fisterra,42.9049,-9.2629,13.9,89,100,2.58,ES,2023-10-22 21:32:23
279,kapuskasing,49.4169,-82.4331,5.05,60,20,3.09,CA,2023-10-22 21:32:23
280,mejit,10.2753,170.8646,27.71,82,100,5.15,MH,2023-10-22 21:32:24
281,nanzhang chengguanzhen,31.7839,111.8275,15.19,78,0,1.12,CN,2023-10-22 21:32:24
282,mugia,43.1041,-9.2179,13.98,91,100,2.44,ES,2023-10-22 21:32:24
283,chiredzi,-21.05,31.6667,21.56,79,72,5.29,ZW,2023-10-22 21:32:24
284,taro,-8.3862,115.28,22.0,87,13,0.25,ID,2023-10-22 21:32:24
285,cachoeiras de macacu,-22.4625,-42.6531,20.35,94,96,1.24,BR,2023-10-22 21:32:24
286,mount isa,-20.7333,139.5,19.87,32,0,1.03,AU,2023-10-22 21:32:25
287,akureyri,65.6835,-18.0878,1.96,87,75,0.0,IS,2023-10-22 21:32:25
288,salto,-31.3833,-57.9667,21.6,100,100,6.71,UY,2023-10-22 21:32:09
289,yugorsk,61.3133,63.3319,-1.39,65,42,5.58,RU,2023-10-22 21:32:25
290,kastellaun,50.0667,7.45,9.41,100,75,2.06,DE,2023-10-22 21:32:25
291,chandler,33.3062,-111.8412,36.77,18,0,2.57,US,2023-10-22 21:31:58
292,turkmenbasy,40.0222,52.9552,11.43,82,75,5.14,TM,2023-10-22 21:32:26
293,korinthos,37.9407,22.9573,21.81,62,25,1.06,GR,2023-10-22 21:32:26
294,lobujya,27.95,86.8167,-10.72,55,3,0.12,NP,2023-10-22 21:32:26
295,urzhar,47.093,81.6294,11.87,76,100,2.56,KZ,2023-10-22 21:28:27
296,kodiak,57.79,-152.4072,5.73,52,0,5.66,US,2023-10-22 21:32:27
297,keren,15.7778,38.4581,21.36,64,0,2.43,ER,2023-10-22 21:32:27
298,papao,-17.75,-149.55,29.82,80,77,7.31,PF,2023-10-22 21:32:27
299,amga,60.8953,131.9608,-6.39,96,100,2.56,RU,2023-10-22 21:30:10
300,hukumati azrah,34.1736,69.6457,7.63,70,0,0.55,AF,2023-10-22 21:32:27
301,rakvere,59.3464,26.3558,3.61,98,100,0.15,EE,2023-10-22 21:32:27
302,peterhead,57.5058,-1.7981,3.22,76,8,4.96,GB,2023-10-22 21:32:28
303,tempio pausania,40.8974,9.1035,12.51,76,74,1.71,IT,2023-10-22 21:32:28
304,kosonsoy,41.2561,71.5508,11.31,55,100,0.35,UZ,2023-10-22 21:27:24
305,lompoc,34.6391,-120.4579,26.55,74,40,8.05,US,2023-10-22 21:32:28
306,kirensk,57.7853,108.1119,-0.6,77,90,3.98,RU,2023-10-22 21:32:28
307,yonan-up,37.9089,126.1611,12.59,82,23,0.3,KP,2023-10-22 21:32:29
308,zhanaozen,43.3,52.8,5.44,65,0,3.46,KZ,2023-10-22 21:32:29
309,puerto rosario,-24.45,-57.0833,35.09,31,76,2.43,PY,2023-10-22 21:32:29
310,kuta,-8.7233,115.1723,25.97,94,40,1.03,ID,2023-10-22 21:32:29
311,cabo san lucas,22.8909,-109.9124,30.61,83,75,6.17,MX,2023-10-22 21:32:29
312,poso,-1.3959,120.7524,25.3,77,29,1.64,ID,2023-10-22 21:32:30
313,port alfred,-33.5906,26.891,15.4,70,65,7.22,ZA,2023-10-22 21:32:30
314,afua,-0.1567,-50.3867,28.01,71,45,4.39,BR,2023-10-22 21:32:30
315,aiquile,-18.2041,-65.1807,24.77,27,9,6.26,BO,2023-10-22 21:32:30
316,taoudenni,22.6783,-3.9836,33.66,15,80,2.99,ML,2023-10-22 21:32:30
317,hadithah,34.1397,42.3781,23.31,40,44,1.08,IQ,2023-10-22 21:32:30
318,mabalacat city,15.2167,120.55,24.04,88,20,1.03,PH,2023-10-22 21:32:31
319,aripuana,-9.1667,-60.6333,32.84,30,100,1.03,BR,2023-10-22 21:32:31
320,pandan,14.0453,124.1694,25.83,88,100,1.69,PH,2023-10-22 21:32:31
321,chahal guatemala,15.75,-89.5667,28.2,66,99,1.72,GT,2023-10-22 21:32:31
322,kruisfontein,-34.0033,24.7314,11.4,78,5,3.66,ZA,2023-10-22 21:32:31
323,abbeville,50.1,1.8333,10.98,83,1,2.58,FR,2023-10-22 21:30:03
324,abepura,-2.6333,140.5833,25.45,83,20,2.06,ID,2023-10-22 21:32:32
325,zhanjiang,21.2815,110.3427,20.35,93,100,3.13,CN,2023-10-22 21:32:32
326,tolanaro,-25.0319,46.9987,24.04,94,20,1.03,MG,2023-10-22 21:32:32
327,mazagao,-0.115,-51.2894,32.03,65,36,4.88,BR,2023-10-22 21:32:32
328,maua,-23.6678,-46.4614,19.09,93,63,2.68,BR,2023-10-22 21:32:32
329,kapa'a,22.0752,-159.319,30.05,66,75,5.66,US,2023-10-22 21:32:32
330,lautoka,-17.6167,177.4667,28.92,65,75,3.6,FJ,2023-10-22 21:32:33
331,port isabel,26.0734,-97.2086,32.05,68,20,7.72,US,2023-10-22 21:32:33
332,choibalsan,48.0667,114.5,3.68,47,0,3.05,MN,2023-10-22 21:32:33
333,soe,-9.8607,124.284,19.39,64,12,1.55,ID,2023-10-22 21:32:33
334,tadjourah,12.0,42.5,25.77,56,71,3.59,DJ,2023-10-22 21:32:34
335,juquitiba,-23.9317,-47.0683,19.65,98,94,1.2,BR,2023-10-22 21:32:34
336,jianshui,23.6363,102.8264,14.58,96,8,0.76,CN,2023-10-22 21:32:34
337,robat karim,35.4846,51.0829,17.92,39,0,3.09,IR,2023-10-22 21:32:34
338,gadzhiyevo,69.2551,33.3362,0.48,75,99,8.07,RU,2023-10-22 21:32:34
339,genhe,50.7833,121.5167,-0.91,69,17,1.45,CN,2023-10-22 21:32:34
340,port elizabeth,-33.918,25.5701,15.17,76,0,6.69,ZA,2023-10-22 21:32:32
341,flying fish cove,-10.4217,105.6791,22.82,94,19,1.54,CX,2023-10-22 21:32:35
342,bonthe,7.5264,-12.505,25.63,88,31,2.53,SL,2023-10-22 21:32:35
343,neiafu,-18.65,-173.9833,28.38,65,20,2.06,TO,2023-10-22 21:32:35
344,zhezqazghan,47.7833,67.7667,1.9,60,77,6.93,KZ,2023-10-22 21:32:36
345,jaicos,-7.3592,-41.1378,31.88,28,67,3.15,BR,2023-10-22 21:32:36
346,kilindoni,-7.9139,39.6668,26.27,75,2,5.63,TZ,2023-10-22 21:32:36
347,la ronge,55.1001,-105.2842,0.14,51,40,6.17,CA,2023-10-22 21:32:36
348,palikir - national government center,6.9248,158.1611,28.47,84,20,2.06,FM,2023-10-22 21:32:36
349,aswan,24.0934,32.907,28.46,29,0,5.29,EG,2023-10-22 21:31:27
350,sinabang,2.4803,96.3801,25.21,86,100,1.15,ID,2023-10-22 21:32:37
351,oranjemund,-28.55,16.4333,17.33,84,43,4.78,NA,2023-10-22 21:32:37
352,port macquarie,-31.4333,152.9167,21.05,37,1,2.36,AU,2023-10-22 21:32:37
353,haverfordwest,51.8017,-4.9691,11.42,94,81,6.39,GB,2023-10-22 21:32:37
354,guilin,25.2819,110.2864,14.06,69,93,1.17,CN,2023-10-22 21:32:37
355,kununurra,-15.7667,128.7333,23.99,94,1,1.54,AU,2023-10-22 21:32:37
356,al bahah,20.0129,41.4677,18.68,33,0,5.09,SA,2023-10-22 21:32:38
357,muisne,0.6,-80.0333,25.93,78,97,4.26,EC,2023-10-22 21:32:38
358,susuman,62.7833,148.1667,-17.21,99,66,0.23,RU,2023-10-22 21:32:38
359,crane,31.3974,-102.3501,26.86,44,100,7.06,US,2023-10-22 21:32:38
360,eaton rapids,42.5092,-84.6558,10.23,69,5,2.73,US,2023-10-22 21:32:39
361,quang ngai,15.1167,108.8,24.1,93,100,2.13,VN,2023-10-22 21:32:39
362,victoria falls,-17.9235,25.843,24.85,54,70,2.1,ZW,2023-10-22 21:32:39
363,dalandzadgad,43.5708,104.425,5.76,31,3,2.13,MN,2023-10-22 21:32:39
364,enkoping,59.6361,17.0777,4.92,91,99,2.09,SE,2023-10-22 21:32:40
365,chapaev,50.2,51.1667,3.21,60,96,1.31,KZ,2023-10-22 21:32:40
366,banjar,-8.19,114.9675,24.26,90,19,1.62,ID,2023-10-22 21:32:40
367,i-n-salah,27.1935,2.4607,29.81,21,0,2.53,DZ,2023-10-22 21:32:40
368,nikolayevsk-on-amure,53.1406,140.73,-0.71,67,68,4.64,RU,2023-10-22 21:32:40
369,yuzhno-kurilsk,44.0306,145.8556,9.6,75,92,6.14,RU,2023-10-22 21:32:41
370,olinda,-8.0089,-34.8553,26.85,74,40,4.63,BR,2023-10-22 21:30:11
371,tenenkou,14.4572,-4.9169,34.21,25,56,2.11,ML,2023-10-22 21:32:41
372,keflavik,64.0049,-22.5624,4.24,93,75,1.54,IS,2023-10-22 21:32:41
373,sarankhola,22.3082,89.7897,23.27,90,100,0.55,BD,2023-10-22 21:32:41
374,amurzet,47.6967,131.0981,1.36,68,0,2.27,RU,2023-10-22 21:32:41
375,travnik,44.2267,17.6706,12.86,93,93,1.24,BA,2023-10-22 21:31:39
376,timon,-5.0942,-42.8367,34.88,41,0,1.54,BR,2023-10-22 21:32:42
377,brigantine,39.4101,-74.3646,15.11,53,20,7.72,US,2023-10-22 21:32:42
378,noshiro,40.2039,140.0242,11.74,66,2,2.95,JP,2023-10-22 21:32:42
379,churachandpur,24.3333,93.6667,17.32,94,100,0.25,IN,2023-10-22 21:32:42
380,mwaro,-3.5,29.6667,15.74,80,4,0.32,BI,2023-10-22 21:32:43
381,borogontsy,62.6683,131.1683,-8.95,97,100,1.05,RU,2023-10-22 21:32:43
382,yicheng,31.3705,119.8703,16.34,86,0,1.26,CN,2023-10-22 21:32:43
383,dongcun,36.7767,121.1597,12.67,57,2,1.72,CN,2023-10-22 21:32:43
384,tchibanga,-2.85,11.0333,22.32,98,87,0.16,GA,2023-10-22 21:32:43
385,haiku-pauwela,20.9219,-156.3051,27.92,70,40,2.24,US,2023-10-22 21:32:43
386,casper,42.8666,-106.3131,22.12,29,0,2.06,US,2023-10-22 21:32:44
387,cururupu,-1.8283,-44.8683,25.36,85,55,1.86,BR,2023-10-22 21:32:44
388,kavaratti,10.5669,72.642,28.41,72,94,2.29,IN,2023-10-22 21:32:44
389,illela,13.7292,5.2975,29.57,14,3,3.69,NG,2023-10-22 21:32:44
390,munchenbuchsee,47.0218,7.4504,11.86,79,0,0.51,CH,2023-10-22 21:32:44
391,natal,-5.795,-35.2094,27.12,78,40,5.66,BR,2023-10-22 21:32:22
392,callao,-12.0667,-77.15,23.16,68,0,3.6,PE,2023-10-22 21:32:45
393,macheng,31.1783,115.0319,13.59,60,0,1.42,CN,2023-10-22 21:32:45
394,lejanias,3.5251,-74.0216,21.47,99,100,1.35,CO,2023-10-22 21:32:45
395,virginia beach,36.8529,-75.978,21.04,51,20,7.72,US,2023-10-22 21:32:45
396,conceicao do araguaia,-8.2578,-49.2647,31.46,39,100,1.55,BR,2023-10-22 21:32:46
397,vadso,70.0744,29.7487,0.49,69,75,4.12,NO,2023-10-22 21:32:46
398,moranbah,-22.0016,148.0466,25.1,44,2,5.72,AU,2023-10-22 21:32:46
399,tippi,7.2,35.45,17.83,98,99,1.34,ET,2023-10-22 21:32:46
400,sampacho,-33.3839,-64.7221,18.81,83,100,3.04,AR,2023-10-22 21:29:42
401,launceston,-41.45,147.1667,16.86,87,100,2.57,AU,2023-10-22 21:32:46
402,coahuayana de hidalgo,18.7,-103.6583,29.3,67,75,2.05,MX,2023-10-22 21:32:47
403,vic-en-bigorre,43.3833,0.05,14.54,69,93,2.43,FR,2023-10-22 21:32:47
404,whakatane,-37.9585,176.9854,18.82,64,2,2.68,NZ,2023-10-22 21:32:47
405,saldanha,-33.0117,17.9442,16.03,73,100,3.2,ZA,2023-10-22 21:32:47
406,san antonio de pale,-1.4014,5.6325,25.94,83,54,7.11,GQ,2023-10-22 21:32:47
407,sungai raya,0.7,108.9,24.96,87,100,1.2,ID,2023-10-22 21:32:47
408,puerto baquerizo moreno,-0.9,-89.6,27.55,69,75,7.2,EC,2023-10-22 21:32:48
409,yusufeli,40.8204,41.5443,16.82,67,1,0.59,TR,2023-10-22 21:32:48
410,gladstone,-23.85,151.25,23.77,68,75,0.51,AU,2023-10-22 21:32:48
411,smithers,54.7804,-127.1743,4.18,75,40,2.57,CA,2023-10-22 21:32:49
412,vorkuta,67.5,64.0,-5.22,96,100,2.24,RU,2023-10-22 21:32:49
413,selkirk,50.1436,-96.8845,13.08,77,100,1.34,CA,2023-10-22 21:32:49
414,sao paulo de olivenca,-3.3783,-68.8725,27.99,70,100,1.3,BR,2023-10-22 21:32:49
415,bamboo flat,11.7,92.7167,24.05,100,40,0.0,IN,2023-10-22 21:32:50
416,sarandi del yi,-33.35,-55.6333,19.5,97,100,3.3,UY,2023-10-22 21:32:50
417,berdigestyakh,62.0989,126.6992,-8.58,98,100,1.35,RU,2023-10-22 21:30:18
418,kapit,2.0167,112.9333,22.56,99,100,0.66,MY,2023-10-22 21:32:51
419,le vauclin,14.5452,-60.8388,30.03,74,0,1.03,MQ,2023-10-22 21:32:51
420,puttalam,8.0362,79.8283,24.96,87,99,5.56,LK,2023-10-22 21:32:51
421,salekhard,66.53,66.6019,-3.96,92,100,3.83,RU,2023-10-22 21:32:01
422,lorengau,-2.0226,147.2712,28.03,76,77,2.64,PG,2023-10-22 21:32:52
423,yarmouth,41.7057,-70.2286,14.08,69,100,9.83,US,2023-10-22 21:32:52
424,pochaiv,50.0051,25.5118,12.59,80,73,8.28,UA,2023-10-22 21:32:40
425,embrun,44.5639,6.4953,7.92,80,87,2.07,FR,2023-10-22 21:32:53
426,kone,-21.0595,164.8658,25.34,51,80,2.88,NC,2023-10-22 21:32:53
427,klaksvik,62.2266,-6.589,9.51,94,98,7.16,FO,2023-10-22 21:32:53
428,saskatoon,52.1168,-106.6345,7.99,65,75,6.71,CA,2023-10-22 21:32:53
429,selfoss,63.9331,-20.9971,1.69,87,100,1.82,IS,2023-10-22 21:32:53
430,kailua-kona,19.6406,-155.9956,28.06,84,40,5.66,US,2023-10-22 21:32:54
431,tezu,27.9167,96.1667,18.91,39,0,2.12,IN,2023-10-22 21:32:54
432,belmonte,-15.8631,-38.8828,23.65,84,21,4.64,BR,2023-10-22 21:32:54
433,rukungiri,-0.8411,29.9419,16.38,92,61,0.71,UG,2023-10-22 21:32:54
434,shingu,33.7333,135.9833,13.26,71,71,1.95,JP,2023-10-22 21:32:54
435,madalena,41.2162,-8.3345,15.81,86,99,0.88,PT,2023-10-22 21:32:55
436,carutapera,-1.195,-46.02,26.91,81,56,4.3,BR,2023-10-22 21:32:55
437,ust-tsilma,65.441,52.1498,-0.58,80,91,5.7,RU,2023-10-22 21:32:55
438,kanniyakumari,8.0833,77.5667,26.05,81,98,2.88,IN,2023-10-22 21:32:55
439,klyuchi,52.2667,79.1667,6.94,81,100,11.42,RU,2023-10-22 21:32:55
440,anda,46.4,125.3167,5.81,56,0,5.71,CN,2023-10-22 21:29:39
441,vilyuysk,63.7553,121.6247,-3.76,96,100,2.91,RU,2023-10-22 21:32:56
442,sarupathar,26.1984,93.8094,18.92,89,33,0.94,IN,2023-10-22 21:32:56
443,mogadishu,2.0371,45.3438,26.49,81,36,5.41,SO,2023-10-22 21:32:56
444,ishii,34.0667,134.4333,12.95,82,75,4.12,JP,2023-10-22 21:32:56
445,ermelo,-26.5333,29.9833,11.42,81,80,3.86,ZA,2023-10-22 21:32:39
446,laghouat,33.8,2.8651,19.52,24,0,4.59,DZ,2023-10-22 21:32:57
447,armidale,-30.5167,151.65,20.4,22,0,4.0,AU,2023-10-22 21:32:57
448,eenhana,-17.4667,16.3333,24.47,20,6,1.6,NA,2023-10-22 21:32:57
449,kayes,14.0,-11.0,26.55,69,100,3.32,ML,2023-10-22 21:32:57
450,cam ranh,11.9214,109.1591,24.98,94,20,1.54,VN,2023-10-22 21:32:57
451,pemba,-12.974,40.5178,25.61,78,58,6.96,MZ,2023-10-22 21:32:58
452,santa cruz,-17.8,-63.1667,37.03,32,29,8.23,BO,2023-10-22 21:32:27
453,xuchang,34.0167,113.8167,14.74,70,27,2.83,CN,2023-10-22 21:31:25
454,san felipe,10.3399,-68.7425,25.94,80,98,1.53,VE,2023-10-22 21:32:58
455,juan griego,11.0817,-63.9655,28.08,80,100,2.04,VE,2023-10-22 21:32:58
456,bontang,0.1333,117.5,25.83,83,100,0.56,ID,2023-10-22 21:32:58
457,barinitas,8.7622,-70.4111,22.82,95,100,0.89,VE,2023-10-22 21:32:59
458,villa ocampo,-28.4875,-59.3551,25.56,87,95,8.69,AR,2023-10-22 21:32:59
459,ust'-ilimsk,58.0006,102.6619,-1.07,82,97,2.56,RU,2023-10-22 21:32:59
460,alice springs,-23.7,133.8833,13.75,41,53,1.54,AU,2023-10-22 21:33:00
461,muroto-misakicho,33.2833,134.15,18.3,62,85,2.07,JP,2023-10-22 21:33:00
462,orita eruwa,7.55,3.4333,24.28,92,100,1.69,NG,2023-10-22 21:33:01
463,swakopmund,-22.6833,14.5333,14.43,82,10,0.89,NA,2023-10-22 21:33:01
464,corn island,12.1694,-83.0418,26.58,85,100,7.64,NI,2023-10-22 21:33:01
465,chegdomyn,51.1167,133.0167,-3.91,77,7,1.6,RU,2023-10-22 21:31:52
466,ljusdal,61.8288,16.0913,1.58,98,100,0.18,SE,2023-10-22 21:33:01
467,kongsberg,59.6652,9.6465,3.32,99,100,1.78,NO,2023-10-22 21:33:01
468,monte patria,-30.6919,-70.9467,21.33,45,14,2.62,CL,2023-10-22 21:33:02
469,tralee,52.2704,-9.7026,10.85,93,100,5.26,IE,2023-10-22 21:30:02
470,tazacorte,28.629,-17.9293,21.54,76,20,3.58,ES,2023-10-22 21:33:02
471,levski,43.3667,25.1333,20.4,50,53,1.55,BG,2023-10-22 21:33:02
472,fort bragg,35.139,-79.006,23.23,41,0,5.14,US,2023-10-22 21:33:03
473,karratha,-20.7377,116.8463,27.41,24,35,5.06,AU,2023-10-22 21:33:03
474,cooper's town,26.8667,-77.5167,25.81,67,100,2.33,BS,2023-10-22 21:33:03
475,sena madureira,-9.0656,-68.6569,33.92,39,100,1.73,BR,2023-10-22 21:33:03
476,monte carmelo,-18.7247,-47.4986,27.85,35,8,2.96,BR,2023-10-22 21:33:03
477,piti village,13.4626,144.6933,28.5,85,0,5.14,GU,2023-10-22 21:33:03
478,zima,53.9202,102.0442,1.6,80,100,4.2,RU,2023-10-22 21:33:04
479,humberto de campos,-2.5983,-43.4611,26.41,79,89,4.09,BR,2023-10-22 21:33:04
480,gorontalo,0.5412,123.0595,24.25,92,29,0.9,ID,2023-10-22 21:30:19
481,yeed,4.55,43.0333,27.89,64,92,5.59,SO,2023-10-22 21:33:04
482,prado,-17.3411,-39.2208,23.1,77,51,3.63,BR,2023-10-22 21:33:04
483,phan rang-thap cham,11.5667,108.9833,23.94,91,100,1.63,VN,2023-10-22 21:33:04
484,tengrela,10.4869,-6.4097,26.75,62,75,1.17,CI,2023-10-22 21:33:05
485,jiwani,25.05,61.7417,26.5,77,0,3.57,PK,2023-10-22 21:33:05
486,kemi,65.8596,24.8228,-9.13,92,100,2.06,FI,2023-10-22 21:33:05
487,pasuquin,18.3328,120.6177,23.97,94,75,1.03,PH,2023-10-22 21:33:05
488,plymouth,41.8334,-70.8328,13.36,65,100,4.63,US,2023-10-22 21:33:05
489,greytown,-29.0642,30.5928,8.53,92,87,1.03,ZA,2023-10-22 21:33:05
490,farnham,51.2143,-0.7959,9.7,80,30,2.57,GB,2023-10-22 21:23:56
491,galich,58.3797,42.3475,-0.86,77,100,1.5,RU,2023-10-22 21:33:06
492,sargatskoye,55.6101,73.4972,-1.69,81,99,8.62,RU,2023-10-22 21:33:06
493,hilo,19.7297,-155.09,29.03,68,0,3.6,US,2023-10-22 21:33:06
494,laurel,39.0993,-76.8483,16.22,45,0,7.2,US,2023-10-22 21:33:06
495,manaure,11.7751,-72.4445,29.05,73,92,6.35,CO,2023-10-22 21:33:06
496,cleveland,41.4995,-81.6954,9.86,69,100,6.69,US,2023-10-22 21:32:24
497,hythe,50.86,-1.4016,12.64,93,20,0.0,GB,2023-10-22 21:33:07
498,aur,8.1499,171.1687,28.36,79,100,5.8,MH,2023-10-22 21:33:07
499,sarykemer,43.0,71.5,15.71,55,100,2.09,KZ,2023-10-22 21:33:07
500,curup,-3.4667,102.5333,19.1,92,70,1.24,ID,2023-10-22 21:33:07
501,sidi khaled,34.387,4.9879,21.47,30,5,1.78,DZ,2023-10-22 21:33:07
502,eraan,9.0629,117.7016,25.88,86,54,1.22,PH,2023-10-22 21:33:08
503,shwebo,22.5667,95.7,23.5,82,99,1.33,MM,2023-10-22 21:33:08
504,holualoa,19.6228,-155.9522,25.99,84,40,5.66,US,2023-10-22 21:33:08
505,sandnessjoen,66.0217,12.6316,5.23,52,0,1.54,NO,2023-10-22 21:32:02
506,chipinge,-20.1883,32.6236,19.89,84,99,1.26,ZW,2023-10-22 21:33:09
507,chardara,41.2547,67.9692,17.01,49,100,5.0,KZ,2023-10-22 21:33:09
508,kievka,50.2619,71.5514,-0.27,68,100,10.01,KZ,2023-10-22 21:33:09
509,broken hill,-31.95,141.4333,13.13,48,72,4.29,AU,2023-10-22 21:33:09
510,salinas,36.6777,-121.6555,19.67,86,100,8.75,US,2023-10-22 21:32:38
511,trenggalek,-8.05,111.7167,22.13,90,15,0.34,ID,2023-10-22 21:33:10
512,bojnurd,37.4747,57.329,11.97,76,75,2.06,IR,2023-10-22 21:33:10
513,bandarbeyla,9.4942,50.8122,27.33,79,100,4.14,SO,2023-10-22 21:33:11
514,limoeiro do norte,-5.1456,-38.0981,26.3,71,88,5.29,BR,2023-10-22 21:33:11
515,howard springs,-12.497,131.047,25.95,90,2,1.5,AU,2023-10-22 21:33:11
516,pitimbu,-7.4706,-34.8086,26.33,74,96,5.18,BR,2023-10-22 21:33:12
517,wakkanai,45.4094,141.6739,8.94,57,99,8.05,JP,2023-10-22 21:33:12
518,gamay,12.3854,125.2979,25.89,88,98,1.39,PH,2023-10-22 21:33:12
519,ketchikan,55.3422,-131.6461,7.26,57,0,4.12,US,2023-10-22 21:33:12
520,tidjikja,18.5564,-11.4271,28.82,33,32,5.48,MR,2023-10-22 21:33:12
521,rawson,-43.3002,-65.1023,11.43,63,26,6.72,AR,2023-10-22 21:33:12
522,beira,-19.8436,34.8389,26.05,94,75,3.09,MZ,2023-10-22 21:33:12
523,aioun,16.6614,-9.6149,33.49,25,99,2.55,MR,2023-10-22 21:33:13
524,rodino,52.5,80.25,7.71,83,100,9.29,RU,2023-10-22 21:33:13
525,coyhaique,-45.5752,-72.0662,19.34,27,0,3.6,CL,2023-10-22 21:33:13
526,awjilah,29.1081,21.2869,25.75,21,0,3.2,LY,2023-10-22 21:33:13
527,fort st. john,56.2499,-120.8529,-6.06,79,100,7.2,CA,2023-10-22 21:33:13
528,naze,28.3667,129.4833,20.51,71,89,4.29,JP,2023-10-22 21:33:13
529,constitucion,-35.3333,-72.4167,14.64,74,12,4.14,CL,2023-10-22 21:29:48
530,stornoway,58.2093,-6.3865,4.46,89,20,2.06,GB,2023-10-22 21:33:14
531,vanino,49.0869,140.2543,0.42,60,2,3.73,RU,2023-10-22 21:33:14
532,teluknaga,-6.0989,106.6381,28.54,86,20,1.79,ID,2023-10-22 21:33:14
533,al jawf,29.5,38.75,23.51,36,54,5.78,SA,2023-10-22 21:33:14
534,carolina beach,34.0352,-77.8936,24.04,44,0,4.73,US,2023-10-22 21:33:14
535,anderson,34.5334,-82.6499,25.09,37,0,3.6,US,2023-10-22 21:33:15
536,murzuq,25.9155,13.9184,26.99,16,77,3.11,LY,2023-10-22 21:33:15
537,anar darah,32.7587,61.654,20.48,26,7,2.52,AF,2023-10-22 21:33:15
538,saiha,22.4833,92.9667,19.44,99,100,1.05,IN,2023-10-22 21:33:15
539,inhambane,-23.865,35.3833,24.1,76,95,4.1,MZ,2023-10-22 21:33:15
540,monrovia,6.3005,-10.7969,26.87,84,96,3.32,LR,2023-10-22 21:33:16
541,aromashevo,56.8602,68.6375,-2.35,82,11,6.0,RU,2023-10-22 21:33:16
542,mayahi,13.9553,7.6712,29.84,13,2,4.61,NE,2023-10-22 21:33:16
543,mount pearl,47.5166,-52.7813,13.97,92,100,12.35,CA,2023-10-22 21:33:17
544,arrifes,37.7667,-25.7,17.14,72,40,3.09,PT,2023-10-22 21:33:17
545,severo-yeniseyskiy,60.3725,93.0408,-0.76,83,100,3.72,RU,2023-10-22 21:33:17
546,calama,-22.4667,-68.9333,23.27,20,0,10.8,CL,2023-10-22 21:31:35
547,jiujiang,29.7333,115.9833,15.35,61,0,0.72,CN,2023-10-22 21:33:18
548,cassilandia,-19.1133,-51.7342,33.42,24,15,1.35,BR,2023-10-22 21:33:18
549,angaur state,6.906,134.13,28.4,73,80,1.09,PW,2023-10-22 21:33:19
550,kharp,66.8014,65.8081,-5.42,95,79,2.6,RU,2023-10-22 21:33:19
551,oroqen zizhiqi,50.5667,123.7167,0.01,74,9,0.61,CN,2023-10-22 21:33:19
552,tabou,4.423,-7.3528,25.36,91,28,3.22,CI,2023-10-22 21:33:19
553,paracuru,-3.41,-39.0306,27.28,82,65,5.71,BR,2023-10-22 21:33:19
554,kayyerkan,69.3786,87.7439,-2.61,100,100,6.71,RU,2023-10-22 21:33:19
555,suez,29.9737,32.5263,21.67,90,0,3.96,EG,2023-10-22 21:33:19
556,brisas de zicatela,15.8369,-97.0419,31.29,58,0,3.6,MX,2023-10-22 21:33:20
557,joao pinheiro,-17.7425,-46.1725,28.26,32,8,3.34,BR,2023-10-22 21:33:20
558,balabac,7.9868,117.0645,27.48,78,38,1.37,PH,2023-10-22 21:33:20
559,sumbawa besar,-8.5,117.4333,22.67,80,3,1.7,ID,2023-10-22 21:33:20
560,sao miguel do araguaia,-13.275,-50.1628,29.82,48,17,5.5,BR,2023-10-22 21:33:20
561,northam,51.0333,-4.2167,10.92,93,68,4.34,GB,2023-10-22 21:32:54
562,xunchang,28.4543,104.715,18.14,74,100,0.83,CN,2023-10-22 21:33:21
563,cayeli,41.0923,40.7292,20.22,53,2,2.93,TR,2023-10-22 21:33:21
564,axim,4.8699,-2.2405,25.55,90,75,2.89,GH,2023-10-22 21:32:43
565,manggar,-2.8833,108.2667,26.74,77,100,0.7,ID,2023-10-22 21:33:21
566,charters towers,-20.1,146.2667,22.45,60,71,4.13,AU,2023-10-22 21:33:21
567,mata-utu,-13.2816,-176.1745,27.68,80,100,5.04,WF,2023-10-22 21:28:30
568,xinglongshan,43.9561,125.4661,5.86,56,0,6.0,CN,2023-10-22 21:33:22
569,el kseur,36.6794,4.8555,20.47,43,0,1.54,DZ,2023-10-22 21:33:22
570,menongue,-14.6585,17.691,23.6,44,94,1.7,AO,2023-10-22 21:33:22
571,xucheng,20.35,110.1288,23.18,89,95,6.74,CN,2023-10-22 21:33:22
572,touros,-5.1989,-35.4608,25.58,76,99,6.4,BR,2023-10-22 21:33:22
573,peace river,56.2501,-117.286,-2.83,80,100,5.66,CA,2023-10-22 21:33:22
574,gornozavodsk,58.3758,58.3211,-2.66,92,100,4.32,RU,2023-10-22 21:33:23
575,colby,39.3958,-101.0524,22.12,36,0,2.57,US,2023-10-22 21:33:23
576,lys'va,58.1086,57.8053,-1.84,87,100,4.41,RU,2023-10-22 21:28:47
577,carupano,10.6678,-63.2585,27.3,85,100,0.67,VE,2023-10-22 21:33:24
578,bubaque,11.2833,-15.8333,28.23,80,80,4.82,GW,2023-10-22 21:33:24
579,kishtwar,33.3167,75.7667,8.56,71,26,2.13,IN,2023-10-22 21:33:24
580,igugunu,-4.5667,34.6333,22.19,39,2,5.9,TZ,2023-10-22 21:33:24
581,okhotsk,59.3833,143.3,-2.24,83,93,7.11,RU,2023-10-22 21:33:24
582,woolgoolga,-30.1106,153.2007,22.93,45,0,2.82,AU,2023-10-22 21:33:24
583,tomatlan,19.9333,-105.25,29.51,67,22,3.65,MX,2023-10-22 21:33:25
584,malango,-2.9627,119.9001,17.85,93,46,1.32,ID,2023-10-22 21:33:25
585,esmeralda,21.8525,-78.1169,26.59,81,35,4.2,CU,2023-10-22 21:33:25
586,lensk,60.7253,114.9278,1.47,80,100,6.23,RU,2023-10-22 21:29:00
587,kolonia,50.9333,6.95,13.25,90,75,2.57,DE,2023-10-22 21:29:17
588,lovington,32.944,-103.3485,29.07,29,100,3.13,US,2023-10-22 21:33:26
589,puerto armuelles,8.2833,-82.8667,29.99,72,91,2.24,PA,2023-10-22 21:33:26
590,tashtyp,52.7939,89.8983,5.9,70,86,1.35,RU,2023-10-22 21:33:26
591,tofol,5.3248,163.0078,28.42,74,26,2.38,FM,2023-10-22 21:33:26
592,makassar,-5.14,119.4221,25.03,83,20,1.03,ID,2023-10-22 21:33:26
593,langarud,37.197,50.1535,17.34,85,0,3.02,IR,2023-10-22 21:33:26
